{
"meta":{"test_sets":[],"test_metrics":[],"learn_metrics":[{"best_value":"Min","name":"Logloss"}],"launch_mode":"Train","parameters":"","iteration_count":100,"learn_sets":["learn"],"name":"experiment"},
"iterations":[
{"learn":[0.6762271108],"iteration":0,"passed_time":0.01050455376,"remaining_time":1.039950822},
{"learn":[0.6603650631],"iteration":1,"passed_time":0.01945327783,"remaining_time":0.9532106135},
{"learn":[0.6455655629],"iteration":2,"passed_time":0.0277546824,"remaining_time":0.8974013975},
{"learn":[0.6314518223],"iteration":3,"passed_time":0.03619570653,"remaining_time":0.8686969567},
{"learn":[0.6182541363],"iteration":4,"passed_time":0.0463813714,"remaining_time":0.8812460566},
{"learn":[0.6053542985],"iteration":5,"passed_time":0.05651152874,"remaining_time":0.8853472836},
{"learn":[0.5935931005],"iteration":6,"passed_time":0.07071434546,"remaining_time":0.9394905897},
{"learn":[0.5825891639],"iteration":7,"passed_time":0.08437515284,"remaining_time":0.9703142576},
{"learn":[0.5721692659],"iteration":8,"passed_time":0.09584394692,"remaining_time":0.9690887967},
{"learn":[0.5620508684],"iteration":9,"passed_time":0.1068734093,"remaining_time":0.9618606837},
{"learn":[0.5537987451],"iteration":10,"passed_time":0.1177012293,"remaining_time":0.9523099459},
{"learn":[0.5453926157],"iteration":11,"passed_time":0.1294370003,"remaining_time":0.9492046686},
{"learn":[0.5368869137],"iteration":12,"passed_time":0.1395698601,"remaining_time":0.9340444484},
{"learn":[0.528883329],"iteration":13,"passed_time":0.1496655667,"remaining_time":0.9193741957},
{"learn":[0.5214088572],"iteration":14,"passed_time":0.1595736306,"remaining_time":0.9042505737},
{"learn":[0.5143901369],"iteration":15,"passed_time":0.1715222399,"remaining_time":0.9004917597},
{"learn":[0.5079059496],"iteration":16,"passed_time":0.1804399323,"remaining_time":0.8809714339},
{"learn":[0.5019961946],"iteration":17,"passed_time":0.1882490201,"remaining_time":0.8575788695},
{"learn":[0.4959134992],"iteration":18,"passed_time":0.2001050507,"remaining_time":0.8530794266},
{"learn":[0.4898532692],"iteration":19,"passed_time":0.212288908,"remaining_time":0.8491556321},
{"learn":[0.4840675616],"iteration":20,"passed_time":0.2257219344,"remaining_time":0.8491444198},
{"learn":[0.4786331605],"iteration":21,"passed_time":0.2385797017,"remaining_time":0.8458734877},
{"learn":[0.4736317329],"iteration":22,"passed_time":0.2534844424,"remaining_time":0.8486218288},
{"learn":[0.4686973545],"iteration":23,"passed_time":0.2671238663,"remaining_time":0.8458922434},
{"learn":[0.4636327256],"iteration":24,"passed_time":0.2820841865,"remaining_time":0.8462525596},
{"learn":[0.4590464574],"iteration":25,"passed_time":0.2969762431,"remaining_time":0.8452400766},
{"learn":[0.4549240097],"iteration":26,"passed_time":0.3122881828,"remaining_time":0.8443347164},
{"learn":[0.4508753052],"iteration":27,"passed_time":0.327992302,"remaining_time":0.8434087767},
{"learn":[0.4467822248],"iteration":28,"passed_time":0.3416373689,"remaining_time":0.836422524},
{"learn":[0.4438645936],"iteration":29,"passed_time":0.3564145517,"remaining_time":0.8316339539},
{"learn":[0.440945232],"iteration":30,"passed_time":0.3700507087,"remaining_time":0.8236612548},
{"learn":[0.4373198205],"iteration":31,"passed_time":0.3855604199,"remaining_time":0.8193158924},
{"learn":[0.4341176636],"iteration":32,"passed_time":0.4009700661,"remaining_time":0.8140907402},
{"learn":[0.4308612381],"iteration":33,"passed_time":0.4162258577,"remaining_time":0.8079678415},
{"learn":[0.4282521623],"iteration":34,"passed_time":0.4292075701,"remaining_time":0.797099773},
{"learn":[0.4256410752],"iteration":35,"passed_time":0.4440088607,"remaining_time":0.7893490857},
{"learn":[0.4227840076],"iteration":36,"passed_time":0.4590169848,"remaining_time":0.7815694607},
{"learn":[0.419824917],"iteration":37,"passed_time":0.4742399359,"remaining_time":0.7737598955},
{"learn":[0.4171455471],"iteration":38,"passed_time":0.4900180124,"remaining_time":0.7664384296},
{"learn":[0.4147901522],"iteration":39,"passed_time":0.5045583102,"remaining_time":0.7568374653},
{"learn":[0.412119942],"iteration":40,"passed_time":0.5192760626,"remaining_time":0.7472509194},
{"learn":[0.409664323],"iteration":41,"passed_time":0.5330687953,"remaining_time":0.7361426221},
{"learn":[0.407350345],"iteration":42,"passed_time":0.5484883331,"remaining_time":0.7270659299},
{"learn":[0.4050728262],"iteration":43,"passed_time":0.5638525732,"remaining_time":0.7176305478},
{"learn":[0.4028181368],"iteration":44,"passed_time":0.5792131219,"remaining_time":0.707927149},
{"learn":[0.4010277836],"iteration":45,"passed_time":0.594479187,"remaining_time":0.6978668717},
{"learn":[0.3991837354],"iteration":46,"passed_time":0.6117315216,"remaining_time":0.6898249074},
{"learn":[0.3972448554],"iteration":47,"passed_time":0.627807918,"remaining_time":0.6801252445},
{"learn":[0.3958796132],"iteration":48,"passed_time":0.6434953843,"remaining_time":0.6697605021},
{"learn":[0.393945257],"iteration":49,"passed_time":0.6577939808,"remaining_time":0.6577939808},
{"learn":[0.3922730722],"iteration":50,"passed_time":0.6688940734,"remaining_time":0.6426629333},
{"learn":[0.3904395747],"iteration":51,"passed_time":0.6826508438,"remaining_time":0.6301392405},
{"learn":[0.3888219399],"iteration":52,"passed_time":0.6974101461,"remaining_time":0.6184580541},
{"learn":[0.3868042198],"iteration":53,"passed_time":0.7129922177,"remaining_time":0.607363741},
{"learn":[0.3850899952],"iteration":54,"passed_time":0.7283830216,"remaining_time":0.595949745},
{"learn":[0.3835541842],"iteration":55,"passed_time":0.7440133257,"remaining_time":0.5845818987},
{"learn":[0.3822896309],"iteration":56,"passed_time":0.7596508115,"remaining_time":0.5730699104},
{"learn":[0.3811330734],"iteration":57,"passed_time":0.7746933763,"remaining_time":0.5609848587},
{"learn":[0.3795384019],"iteration":58,"passed_time":0.7902231367,"remaining_time":0.5491381119},
{"learn":[0.3784947817],"iteration":59,"passed_time":0.806195022,"remaining_time":0.537463348},
{"learn":[0.3776481194],"iteration":60,"passed_time":0.8213152868,"remaining_time":0.5251032161},
{"learn":[0.3766541933],"iteration":61,"passed_time":0.8368907204,"remaining_time":0.5129330222},
{"learn":[0.3755012962],"iteration":62,"passed_time":0.8516709402,"remaining_time":0.500187695},
{"learn":[0.3742258382],"iteration":63,"passed_time":0.8667154358,"remaining_time":0.4875274326},
{"learn":[0.373202939],"iteration":64,"passed_time":0.8761930552,"remaining_time":0.4717962605},
{"learn":[0.3723498204],"iteration":65,"passed_time":0.8848115979,"remaining_time":0.4558120353},
{"learn":[0.3714296978],"iteration":66,"passed_time":0.8922350595,"remaining_time":0.4394590591},
{"learn":[0.3702290694],"iteration":67,"passed_time":0.8998929061,"remaining_time":0.4234790146},
{"learn":[0.3690291051],"iteration":68,"passed_time":0.9070951673,"remaining_time":0.4075355099},
{"learn":[0.3680221246],"iteration":69,"passed_time":0.9150178301,"remaining_time":0.3921504986},
{"learn":[0.3671320355],"iteration":70,"passed_time":0.9222932421,"remaining_time":0.3767113242},
{"learn":[0.365958366],"iteration":71,"passed_time":0.9295322973,"remaining_time":0.3614847823},
{"learn":[0.3649766508],"iteration":72,"passed_time":0.9371518604,"remaining_time":0.3466178114},
{"learn":[0.3637655775],"iteration":73,"passed_time":0.9461880514,"remaining_time":0.3324444505},
{"learn":[0.3627450717],"iteration":74,"passed_time":0.9542037688,"remaining_time":0.3180679229},
{"learn":[0.3616510465],"iteration":75,"passed_time":0.9625877546,"remaining_time":0.3039750804},
{"learn":[0.3607635399],"iteration":76,"passed_time":0.9713773524,"remaining_time":0.2901516767},
{"learn":[0.3600828587],"iteration":77,"passed_time":0.9806174246,"remaining_time":0.2765844018},
{"learn":[0.3593889843],"iteration":78,"passed_time":0.9897034909,"remaining_time":0.2630857381},
{"learn":[0.3584399256],"iteration":79,"passed_time":1.001138265,"remaining_time":0.2502845664},
{"learn":[0.3580061982],"iteration":80,"passed_time":1.008079736,"remaining_time":0.2364631479},
{"learn":[0.3570395679],"iteration":81,"passed_time":1.020193951,"remaining_time":0.2239450137},
{"learn":[0.3562008372],"iteration":82,"passed_time":1.030590775,"remaining_time":0.2110848575},
{"learn":[0.3556529382],"iteration":83,"passed_time":1.040394646,"remaining_time":0.1981704089},
{"learn":[0.3548196427],"iteration":84,"passed_time":1.050537685,"remaining_time":0.1853890033},
{"learn":[0.3544829636],"iteration":85,"passed_time":1.05770471,"remaining_time":0.1721844877},
{"learn":[0.3536645971],"iteration":86,"passed_time":1.068568492,"remaining_time":0.159671154},
{"learn":[0.3528945565],"iteration":87,"passed_time":1.081054895,"remaining_time":0.1474165766},
{"learn":[0.3521806471],"iteration":88,"passed_time":1.094506278,"remaining_time":0.1352760568},
{"learn":[0.3516016154],"iteration":89,"passed_time":1.107920014,"remaining_time":0.1231022238},
{"learn":[0.3511032231],"iteration":90,"passed_time":1.121807112,"remaining_time":0.1109479561},
{"learn":[0.350276923],"iteration":91,"passed_time":1.135311203,"remaining_time":0.09872271331},
{"learn":[0.3496921933],"iteration":92,"passed_time":1.149550904,"remaining_time":0.08652533684},
{"learn":[0.3491696099],"iteration":93,"passed_time":1.164120355,"remaining_time":0.07430555459},
{"learn":[0.3485387172],"iteration":94,"passed_time":1.177379513,"remaining_time":0.0619673428},
{"learn":[0.3479423793],"iteration":95,"passed_time":1.190960299,"remaining_time":0.04962334578},
{"learn":[0.3474348986],"iteration":96,"passed_time":1.203295025,"remaining_time":0.03721531007},
{"learn":[0.3470951583],"iteration":97,"passed_time":1.214343483,"remaining_time":0.02478252007},
{"learn":[0.3465189432],"iteration":98,"passed_time":1.226706664,"remaining_time":0.0123909764},
{"learn":[0.3461506232],"iteration":99,"passed_time":1.235707029,"remaining_time":0}
]}